exp_id,env,total_num_envs,total_timesteps,num_particles,search_depth,resampling_mode,ess_threshold,period,use_residual,total_batch_size,rollout_length,actor_lr,critic_lr,gamma,gae_lambda,timestep,steps_per_second,episode_length_mean,episode_length_std,episode_length_min,episode_length_max,episode_return_mean,episode_return_std,episode_return_min,episode_return_max,steps_per_second_eval,episode_length_mean_eval,episode_length_std_eval,episode_length_min_eval,episode_length_max_eval,episode_return_mean_eval,episode_return_std_eval,episode_return_min_eval,episode_return_max_eval,steps_per_second_actor,episode_length_mean_actor,episode_length_std_actor,episode_length_min_actor,episode_length_max_actor,episode_return_mean_actor,episode_return_std_actor,episode_return_min_actor,episode_return_max_actor,adaptive_temperature,alpha,kl_div,kl_nonparametric,kl_nonparametric_relative,loss_alpha,loss_dual,loss_kl_penalty,loss_policy,loss_temperature,steps_per_second_trainer,value_loss,value_pred_mean,value_pred_std,entropy_depth,ess_fraction_depth,mean_td_weights_depth,particles_alive_depth,resample_depth
1,xland_minigrid/empty_5x5,128,3000000,16,8,period,,2.0,False,64,32,0.0003,0.0003,0.99,0.95,2949120,290.372,5.724,0.972,5.0,11.0,0.948,0.009,0.901,0.955,18892.318,5.641,1.006,5.0,12.0,0.949,0.009,0.892,0.955,41016.44,5.762,0.991,5,14,0.948,0.009,0.874,0.955,0.609,0.0,0.0,0.5,1.0,0.0,1.528,0.0,0.543,1.528,1281.764,0.0,0.924,0.016,"[2.773, 2.773, 2.772, 2.773, 2.772, 2.773, 2.773, 2.773]","[1.0, 1.0, 1.0, 1.0, 1.0, 1.0, 1.0, 1.0]","[0.008, 0.014, 0.001, 0.005, -0.0, 0.001, -0.001, -0.001]","[1.0, 0.826, 0.653, 0.503, 0.359, 0.258, 0.155, 0.118]","[0.0, 1.0, 0.0, 1.0, 0.0, 1.0, 0.0, 1.0]"
2,xland_minigrid/empty_5x5,128,3000000,16,8,ess,0.5,,False,64,32,0.0003,0.0003,0.99,0.95,2949120,247.985,5.002,0.039,5.0,6.0,0.955,0.0,0.946,0.955,22989.77,5.0,0.0,5.0,5.0,0.955,0.0,0.955,0.955,43462.601,5.005,0.074,5,6,0.955,0.001,0.946,0.955,0.012,0.0,0.0,0.501,1.003,0.0,0.946,0.0,0.019,0.946,1358.206,0.0,0.936,0.013,"[2.772, 2.772, 2.771, 2.771, 2.771, 2.771, 2.771, 2.771]","[0.999, 0.999, 0.998, 0.998, 0.998, 0.997, 0.997, 0.997]","[0.008, 0.013, 0.017, 0.019, 0.019, 0.019, 0.019, 0.019]","[1.0, 0.801, 0.601, 0.402, 0.202, 0.003, 0.0, 0.0]","[0.0, 0.0, 0.0, 0.0, 0.0, 0.0, 0.0, 0.0]"
3,xland_minigrid/door_key_5x5,128,3000000,16,8,ess,0.5,,False,64,32,0.0003,0.0003,0.99,0.95,2949120,530.279,11.812,2.65,7.0,23.0,0.957,0.01,0.917,0.975,32493.021,12.016,2.798,7.0,19.0,0.957,0.01,0.932,0.975,43617.788,11.859,2.666,7,28,0.957,0.01,0.899,0.975,0.448,0.0,0.0,0.5,1.0,0.0,1.395,0.0,0.632,1.395,1363.056,0.0,0.903,0.034,"[2.773, 2.772, 2.772, 2.772, 2.772, 2.772, 2.772, 2.772]","[1.0, 1.0, 1.0, 1.0, 1.0, 1.0, 1.0, 1.0]","[0.008, 0.016, 0.023, 0.029, 0.034, 0.039, 0.043, 0.046]","[1.0, 0.916, 0.832, 0.748, 0.664, 0.579, 0.495, 0.411]","[0.0, 0.0, 0.0, 0.0, 0.0, 0.0, 0.0, 0.0]"
4,xland_minigrid/door_key_5x5,128,3000000,16,8,period,,2.0,False,64,32,0.0003,0.0003,0.99,0.95,2949120,523.452,11.394,2.684,7.0,22.0,0.959,0.01,0.921,0.975,26746.529,11.469,2.931,7.0,21.0,0.959,0.011,0.924,0.975,42886.719,11.273,2.693,7,25,0.959,0.01,0.91,0.975,0.529,0.0,0.0,0.5,1.0,0.0,1.361,0.0,0.489,1.361,1340.21,0.0,0.907,0.035,"[2.773, 2.773, 2.772, 2.772, 2.772, 2.772, 2.772, 2.772]","[1.0, 1.0, 1.0, 1.0, 1.0, 1.0, 1.0, 1.0]","[0.008, 0.016, 0.004, 0.011, 0.001, 0.007, 0.0, 0.004]","[1.0, 0.912, 0.823, 0.755, 0.686, 0.604, 0.536, 0.464]","[0.0, 1.0, 0.0, 1.0, 0.0, 1.0, 0.0, 1.0]"
5,xland_minigrid/door_key_8x8,128,3000000,16,8,ess,0.5,,False,64,32,0.0003,0.0003,0.99,0.95,2949120,989.832,22.341,11.145,9.0,208.0,0.969,0.016,0.707,0.987,15474.3,23.273,12.721,11.0,120.0,0.967,0.018,0.831,0.985,42470.925,22.931,17.018,7,640,0.968,0.025,0.0,0.99,0.158,0.565,0.001,0.501,1.002,0.0,0.516,0.001,0.383,0.515,1327.216,0.001,0.849,0.074,"[2.77, 2.769, 2.768, 2.767, 2.767, 2.766, 2.766, 2.766]","[0.996, 0.993, 0.992, 0.99, 0.989, 0.988, 0.988, 0.987]","[0.007, 0.015, 0.022, 0.029, 0.036, 0.043, 0.05, 0.056]","[1.0, 0.956, 0.912, 0.869, 0.825, 0.781, 0.737, 0.693]","[0.0, 0.0, 0.0, 0.0, 0.0, 0.0, 0.0, 0.0]"
6,xland_minigrid/door_key_8x8,128,3000000,16,8,period,,2.0,False,64,32,0.0003,0.0003,0.99,0.95,2949120,1136.667,26.377,20.365,9.0,327.0,0.963,0.029,0.54,0.987,10371.611,26.445,19.845,11.0,200.0,0.963,0.028,0.719,0.985,42053.212,26.202,22.947,8,640,0.963,0.033,0.0,0.989,0.215,1.756,0.001,0.501,1.001,0.0,0.469,0.002,0.455,0.469,1314.163,0.001,0.816,0.092,"[2.77, 2.769, 2.767, 2.764, 2.765, 2.762, 2.763, 2.76]","[0.995, 0.993, 0.989, 0.984, 0.985, 0.98, 0.982, 0.977]","[0.007, 0.014, 0.004, 0.011, 0.002, 0.009, 0.001, 0.006]","[1.0, 0.963, 0.922, 0.878, 0.848, 0.803, 0.774, 0.73]","[0.0, 1.0, 0.0, 1.0, 0.0, 1.0, 0.0, 1.0]"
7,xland_minigrid/door_key_16x16,128,3000000,16,8,ess,0.5,,False,64,32,0.0003,0.0003,0.99,0.95,2949120,67327.946,2559.631,13.188,2088.0,2560.0,0.0,0.007,0.0,0.266,86567.681,2560.0,0.0,2560.0,2560.0,0.0,0.0,0.0,0.0,40107.804,2560.0,0.0,2560,2560,0.0,0.0,0.0,0.0,0.0,3.062,0.001,0.498,0.997,-0.0,-0.0,0.003,1.405,0.0,1253.369,0.0,0.0,0.001,"[2.602, 2.565, 2.546, 2.536, 2.527, 2.521, 2.515, 2.511]","[0.816, 0.779, 0.764, 0.753, 0.745, 0.74, 0.734, 0.73]","[-0.0, -0.0, -0.0, -0.0, -0.0, -0.0, -0.0, -0.0]","[1.0, 0.999, 0.998, 0.997, 0.997, 0.996, 0.995, 0.994]","[0.08, 0.102, 0.109, 0.114, 0.119, 0.122, 0.126, 0.128]"
8,xland_minigrid/door_key_8x8,128,3000000,4,8,ess,0.5,,False,64,32,0.0003,0.0003,0.99,0.95,2949120,1140.405,24.779,18.779,9.0,336.0,0.965,0.026,0.528,0.987,18418.382,23.93,13.344,12.0,121.0,0.966,0.019,0.83,0.983,45214.902,23.55,15.191,8,334,0.967,0.021,0.53,0.989,0.023,3.231,0.001,0.5,1.0,0.0,0.364,0.003,0.417,0.364,1412.966,0.001,0.844,0.071,"[1.314, 1.282, 1.263, 1.251, 1.241, 1.234, 1.233, 1.233]","[0.927, 0.895, 0.876, 0.863, 0.852, 0.845, 0.843, 0.843]","[0.007, 0.013, 0.018, 0.023, 0.027, 0.032, 0.035, 0.039]","[1.0, 0.959, 0.919, 0.877, 0.836, 0.794, 0.753, 0.712]","[0.039, 0.052, 0.06, 0.065, 0.071, 0.073, 0.072, 0.072]"
9,xland_minigrid/door_key_8x8,128,3000000,4,8,period,,2.0,False,64,32,0.0003,0.0003,0.99,0.95,2949120,18595.35,419.914,241.889,17.0,640.0,0.357,0.388,0.0,0.976,93556.304,611.969,111.246,81.0,640.0,0.046,0.18,0.0,0.886,44895.22,609.419,112.642,88,640,0.05,0.184,0.0,0.876,0.002,6.202,0.001,0.497,0.995,-0.0,0.001,0.006,0.997,0.001,1402.976,0.0,0.024,0.05,"[1.254, 1.209, 1.198, 1.162, 1.189, 1.151, 1.185, 1.147]","[0.894, 0.859, 0.851, 0.825, 0.845, 0.818, 0.842, 0.815]","[-0.0, -0.001, -0.001, -0.002, -0.001, -0.002, -0.002, -0.002]","[1.0, 0.998, 0.997, 0.995, 0.994, 0.992, 0.99, 0.988]","[0.0, 1.0, 0.0, 1.0, 0.0, 1.0, 0.0, 1.0]"
10,xland_minigrid/door_key_8x8,128,3000000,4,8,ess,0.8,,False,64,32,0.0003,0.0003,0.99,0.95,2949120,24748.174,541.949,187.244,25.0,640.0,0.161,0.304,0.0,0.965,105756.146,640.0,0.0,640.0,640.0,0.0,0.0,0.0,0.0,45388.938,640.0,0.0,640,640,0.0,0.0,0.0,0.0,0.0,0.004,0.001,0.013,0.026,0.0,0.0,0.0,0.991,-0.0,1418.404,0.0,0.0,0.001,"[1.385, 1.384, 1.383, 1.383, 1.383, 1.384, 1.384, 1.384]","[0.999, 0.998, 0.998, 0.998, 0.998, 0.998, 0.998, 0.998]","[-0.0, -0.0, -0.0, -0.0, -0.0, -0.0, -0.0, -0.0]","[1.0, 0.998, 0.997, 0.995, 0.994, 0.992, 0.991, 0.989]","[0.004, 0.005, 0.006, 0.006, 0.006, 0.006, 0.006, 0.006]"
11,xland_minigrid/door_key_16x16,32,5000000,16,64,ess,0.5,,False,64,128,0.0003,0.0003,0.99,0.95,4997120,1452.77,194.753,333.784,23.0,2560.0,0.931,0.124,0.0,0.992,1017.03,201.469,334.276,47.0,2560.0,0.928,0.129,0.0,0.983,3507.545,212.845,358.744,26,2560,0.924,0.134,0.0,0.991,0.428,0.528,0.001,0.504,1.008,0.0,0.95,0.001,0.968,0.95,109.611,0.003,0.303,0.212,"[2.77, 2.769, 2.767, 2.766, 2.765, 2.764, 2.763, 2.762, 2.761, 2.76, 2.759, 2.758, 2.757, 2.755, 2.754, 2.753, 2.752, 2.751, 2.75, 2.748, 2.747, 2.746, 2.745, 2.743, 2.742, 2.741, 2.74, 2.738, 2.737, 2.736, 2.735, 2.734, 2.732, 2.731, 2.73, 2.729, 2.728, 2.727, 2.726, 2.725, 2.725, 2.724, 2.723, 2.722, 2.721, 2.72, 2.72, 2.719, 2.718, 2.718, 2.717, 2.716, 2.716, 2.715, 2.715, 2.714, 2.714, 2.713, 2.713, 2.713, 2.712, 2.712, 2.712, 2.711]","[0.996, 0.993, 0.99, 0.988, 0.986, 0.984, 0.982, 0.98, 0.978, 0.976, 0.974, 0.973, 0.971, 0.969, 0.967, 0.965, 0.963, 0.961, 0.959, 0.957, 0.955, 0.953, 0.951, 0.949, 0.947, 0.945, 0.943, 0.941, 0.939, 0.937, 0.936, 0.934, 0.932, 0.931, 0.929, 0.928, 0.926, 0.925, 0.924, 0.922, 0.921, 0.92, 0.919, 0.918, 0.917, 0.916, 0.915, 0.914, 0.913, 0.912, 0.911, 0.91, 0.91, 0.909, 0.908, 0.908, 0.907, 0.906, 0.906, 0.905, 0.905, 0.904, 0.904, 0.904]","[0.003, 0.006, 0.009, 0.012, 0.015, 0.018, 0.021, 0.024, 0.026, 0.029, 0.032, 0.035, 0.038, 0.04, 0.043, 0.046, 0.048, 0.051, 0.053, 0.056, 0.058, 0.061, 0.063, 0.066, 0.068, 0.071, 0.073, 0.076, 0.078, 0.08, 0.083, 0.085, 0.087, 0.089, 0.092, 0.094, 0.096, 0.098, 0.1, 0.103, 0.105, 0.107, 0.109, 0.111, 0.113, 0.115, 0.117, 0.119, 0.121, 0.123, 0.125, 0.127, 0.129, 0.13, 0.132, 0.134, 0.136, 0.138, 0.139, 0.141, 0.143, 0.145, 0.146, 0.148]","[1.0, 0.995, 0.99, 0.985, 0.98, 0.975, 0.97, 0.965, 0.96, 0.955, 0.95, 0.945, 0.941, 0.936, 0.931, 0.926, 0.921, 0.916, 0.911, 0.907, 0.902, 0.897, 0.892, 0.888, 0.883, 0.879, 0.874, 0.869, 0.865, 0.86, 0.856, 0.852, 0.847, 0.843, 0.839, 0.834, 0.83, 0.826, 0.822, 0.818, 0.814, 0.81, 0.806, 0.802, 0.798, 0.794, 0.79, 0.786, 0.782, 0.778, 0.774, 0.771, 0.767, 0.763, 0.76, 0.756, 0.752, 0.749, 0.745, 0.742, 0.738, 0.735, 0.731, 0.728]","[0.0, 0.0, 0.0, 0.0, 0.0, 0.0, 0.0, 0.0, 0.0, 0.0, 0.0, 0.0, 0.0, 0.0, 0.0, 0.0, 0.0, 0.0, 0.0, 0.0, 0.0, 0.0, 0.0, 0.0, 0.0, 0.0, 0.0, 0.0, 0.0, 0.0, 0.0, 0.0, 0.0, 0.0, 0.0, 0.0, 0.0, 0.0, 0.0, 0.0, 0.0, 0.0, 0.0, 0.0, 0.0, 0.0, 0.0, 0.0, 0.0, 0.0, 0.0, 0.0, 0.0, 0.0, 0.0, 0.0, 0.0, 0.0, 0.0, 0.0, 0.0, 0.0, 0.0, 0.0]"
12,xland_minigrid/door_key_16x16,32,5000000,16,64,ess,0.5,,True,64,128,0.0003,0.0003,0.99,0.95,4997120,3001.793,418.827,731.45,26.0,2560.0,0.844,0.282,0.0,0.991,1676.272,405.5,723.202,41.0,2560.0,0.849,0.28,0.0,0.986,2860.946,557.954,842.793,34,2560,0.792,0.326,0.0,0.988,0.106,1.696,0.001,0.503,1.005,-0.0,0.204,0.002,1.119,0.204,89.405,0.002,0.136,0.138,"[2.756, 2.746, 2.739, 2.733, 2.728, 2.725, 2.721, 2.718, 2.716, 2.714, 2.712, 2.71, 2.708, 2.707, 2.706, 2.704, 2.704, 2.703, 2.702, 2.701, 2.7, 2.7, 2.699, 2.698, 2.698, 2.697, 2.697, 2.697, 2.696, 2.696, 2.695, 2.695, 2.694, 2.694, 2.694, 2.693, 2.693, 2.693, 2.692, 2.692, 2.692, 2.691, 2.691, 2.691, 2.69, 2.69, 2.69, 2.69, 2.689, 2.689, 2.689, 2.689, 2.688, 2.688, 2.687, 2.687, 2.687, 2.687, 2.686, 2.687, 2.686, 2.686, 2.685, 2.685]","[0.975, 0.961, 0.952, 0.945, 0.939, 0.933, 0.929, 0.925, 0.922, 0.919, 0.917, 0.914, 0.912, 0.911, 0.909, 0.907, 0.906, 0.905, 0.904, 0.903, 0.902, 0.901, 0.901, 0.9, 0.899, 0.898, 0.898, 0.897, 0.896, 0.896, 0.895, 0.895, 0.894, 0.894, 0.893, 0.893, 0.892, 0.892, 0.892, 0.891, 0.891, 0.89, 0.89, 0.889, 0.889, 0.888, 0.888, 0.888, 0.888, 0.887, 0.887, 0.886, 0.886, 0.886, 0.885, 0.885, 0.885, 0.884, 0.884, 0.884, 0.884, 0.883, 0.883, 0.882]","[0.001, 0.001, 0.0, 0.0, -0.0, -0.0, -0.001, -0.001, -0.001, -0.001, -0.001, -0.002, -0.002, -0.002, -0.002, -0.003, -0.003, -0.003, -0.004, -0.004, -0.004, -0.004, -0.004, -0.004, -0.004, -0.005, -0.005, -0.005, -0.005, -0.005, -0.005, -0.005, -0.005, -0.005, -0.005, -0.005, -0.005, -0.005, -0.005, -0.005, -0.005, -0.005, -0.005, -0.005, -0.005, -0.005, -0.005, -0.005, -0.005, -0.005, -0.005, -0.005, -0.005, -0.005, -0.005, -0.005, -0.005, -0.005, -0.005, -0.005, -0.005, -0.005, -0.005, -0.005]","[1.0, 0.997, 0.995, 0.993, 0.991, 0.989, 0.987, 0.985, 0.983, 0.981, 0.979, 0.977, 0.975, 0.973, 0.971, 0.97, 0.968, 0.966, 0.964, 0.962, 0.96, 0.958, 0.956, 0.955, 0.953, 0.951, 0.949, 0.947, 0.946, 0.944, 0.942, 0.94, 0.939, 0.937, 0.935, 0.933, 0.932, 0.93, 0.928, 0.927, 0.925, 0.923, 0.922, 0.92, 0.918, 0.917, 0.915, 0.913, 0.912, 0.91, 0.909, 0.907, 0.906, 0.904, 0.902, 0.901, 0.899, 0.898, 0.896, 0.895, 0.894, 0.892, 0.891, 0.889]","[0.007, 0.012, 0.014, 0.017, 0.019, 0.02, 0.021, 0.022, 0.023, 0.023, 0.024, 0.024, 0.025, 0.025, 0.025, 0.025, 0.026, 0.025, 0.026, 0.026, 0.026, 0.025, 0.025, 0.026, 0.026, 0.025, 0.025, 0.025, 0.025, 0.025, 0.025, 0.024, 0.025, 0.024, 0.024, 0.024, 0.024, 0.024, 0.023, 0.023, 0.023, 0.023, 0.023, 0.023, 0.023, 0.023, 0.023, 0.023, 0.022, 0.022, 0.022, 0.022, 0.022, 0.022, 0.022, 0.022, 0.022, 0.022, 0.022, 0.021, 0.021, 0.021, 0.021, 0.021]"
13,xland_minigrid/door_key_16x16,32,5000000,16,64,period,,4.0,False,64,128,0.0003,0.0003,0.99,0.95,4997120,16483.761,2546.738,141.423,351.0,2560.0,0.006,0.059,0.0,0.877,12196.401,2560.0,0.0,2560.0,2560.0,0.0,0.0,0.0,0.0,3497.285,2560.0,0.0,2560,2560,0.0,0.0,0.0,0.0,0.001,2.205,0.001,0.498,0.995,0.0,0.0,0.002,0.636,0.0,109.29,0.0,0.0,0.0,"[2.763, 2.759, 2.755, 2.751, 2.743, 2.739, 2.735, 2.735, 2.734, 2.73, 2.726, 2.726, 2.729, 2.722, 2.72, 2.72, 2.725, 2.717, 2.714, 2.715, 2.722, 2.714, 2.712, 2.712, 2.72, 2.711, 2.709, 2.71, 2.719, 2.709, 2.707, 2.708, 2.717, 2.707, 2.706, 2.706, 2.716, 2.706, 2.704, 2.704, 2.714, 2.704, 2.703, 2.704, 2.714, 2.704, 2.702, 2.702, 2.713, 2.701, 2.701, 2.701, 2.712, 2.701, 2.7, 2.7, 2.711, 2.7, 2.698, 2.699, 2.711, 2.7, 2.698, 2.698]","[0.991, 0.986, 0.982, 0.979, 0.968, 0.964, 0.96, 0.959, 0.959, 0.953, 0.949, 0.949, 0.953, 0.946, 0.942, 0.942, 0.949, 0.941, 0.937, 0.937, 0.946, 0.937, 0.934, 0.934, 0.944, 0.935, 0.931, 0.931, 0.942, 0.932, 0.929, 0.929, 0.941, 0.93, 0.927, 0.927, 0.939, 0.928, 0.926, 0.925, 0.938, 0.927, 0.924, 0.924, 0.938, 0.926, 0.923, 0.923, 0.937, 0.924, 0.921, 0.921, 0.936, 0.923, 0.921, 0.92, 0.935, 0.923, 0.919, 0.919, 0.935, 0.922, 0.919, 0.918]","[-0.0, -0.0, -0.0, -0.0, -0.0, -0.0, -0.0, -0.0, -0.0, -0.0, -0.0, -0.0, -0.0, -0.0, -0.0, -0.0, -0.0, -0.0, -0.0, -0.0, -0.0, -0.0, -0.0, -0.0, -0.0, -0.0, -0.0, -0.0, -0.0, -0.0, -0.0, -0.0, -0.0, -0.0, -0.0, -0.0, -0.0, -0.0, -0.0, -0.0, -0.0, -0.0, -0.0, -0.0, -0.0, -0.0, -0.0, -0.0, -0.0, -0.0, -0.0, -0.0, -0.0, -0.0, -0.0, -0.0, -0.0, -0.0, -0.0, -0.0, -0.0, -0.0, -0.0, -0.0]","[1.0, 1.0, 0.999, 0.999, 0.998, 0.998, 0.997, 0.997, 0.996, 0.996, 0.995, 0.995, 0.995, 0.994, 0.994, 0.993, 0.993, 0.992, 0.992, 0.991, 0.991, 0.99, 0.99, 0.99, 0.989, 0.989, 0.988, 0.988, 0.987, 0.987, 0.986, 0.986, 0.985, 0.985, 0.985, 0.984, 0.984, 0.983, 0.983, 0.982, 0.982, 0.981, 0.981, 0.98, 0.98, 0.98, 0.979, 0.979, 0.978, 0.978, 0.977, 0.977, 0.976, 0.976, 0.975, 0.975, 0.975, 0.974, 0.974, 0.973, 0.973, 0.972, 0.972, 0.971]","[0.0, 0.0, 0.0, 1.0, 0.0, 0.0, 0.0, 1.0, 0.0, 0.0, 0.0, 1.0, 0.0, 0.0, 0.0, 1.0, 0.0, 0.0, 0.0, 1.0, 0.0, 0.0, 0.0, 1.0, 0.0, 0.0, 0.0, 1.0, 0.0, 0.0, 0.0, 1.0, 0.0, 0.0, 0.0, 1.0, 0.0, 0.0, 0.0, 1.0, 0.0, 0.0, 0.0, 1.0, 0.0, 0.0, 0.0, 1.0, 0.0, 0.0, 0.0, 1.0, 0.0, 0.0, 0.0, 1.0, 0.0, 0.0, 0.0, 1.0, 0.0, 0.0, 0.0, 1.0]"
14,xland_minigrid/door_key_16x16,32,5000000,16,64,period,,4.0,True,64,128,0.0003,0.0003,0.99,0.95,4997120,16907.118,2393.766,558.554,45.0,2560.0,0.067,0.224,0.0,0.984,10561.869,2414.781,563.731,45.0,2560.0,0.057,0.222,0.0,0.984,3233.853,2381.037,607.297,59,2560,0.071,0.241,0.0,0.979,0.003,1.759,0.001,0.502,1.005,0.0,-0.0,0.002,0.732,-0.0,101.058,0.0,0.003,0.016,"[2.756, 2.74, 2.731, 2.728, 2.73, 2.718, 2.716, 2.716, 2.729, 2.714, 2.71, 2.711, 2.726, 2.711, 2.707, 2.707, 2.724, 2.708, 2.703, 2.705, 2.722, 2.705, 2.699, 2.701, 2.72, 2.701, 2.696, 2.699, 2.718, 2.699, 2.694, 2.695, 2.717, 2.697, 2.692, 2.693, 2.716, 2.695, 2.691, 2.691, 2.714, 2.693, 2.688, 2.69, 2.714, 2.691, 2.688, 2.688, 2.713, 2.69, 2.686, 2.686, 2.712, 2.689, 2.685, 2.684, 2.71, 2.687, 2.682, 2.684, 2.709, 2.687, 2.682, 2.682]","[0.985, 0.975, 0.969, 0.967, 0.966, 0.957, 0.953, 0.952, 0.963, 0.952, 0.948, 0.947, 0.96, 0.949, 0.944, 0.944, 0.958, 0.946, 0.941, 0.941, 0.956, 0.944, 0.938, 0.938, 0.955, 0.942, 0.936, 0.936, 0.953, 0.94, 0.934, 0.934, 0.952, 0.938, 0.933, 0.932, 0.951, 0.937, 0.932, 0.931, 0.951, 0.936, 0.931, 0.93, 0.95, 0.935, 0.93, 0.929, 0.949, 0.934, 0.928, 0.928, 0.948, 0.933, 0.928, 0.927, 0.947, 0.932, 0.927, 0.927, 0.947, 0.932, 0.926, 0.925]","[0.0, 0.0, 0.0, 0.0, -0.001, -0.001, -0.001, -0.001, -0.001, -0.001, -0.001, -0.001, -0.001, -0.001, -0.001, -0.001, -0.001, -0.001, -0.001, -0.001, -0.001, -0.001, -0.001, -0.001, -0.001, -0.001, -0.001, -0.001, -0.001, -0.001, -0.001, -0.001, -0.001, -0.001, -0.001, -0.001, -0.001, -0.001, -0.001, -0.001, -0.001, -0.001, -0.001, -0.001, -0.001, -0.001, -0.001, -0.001, -0.001, -0.001, -0.001, -0.001, -0.001, -0.001, -0.001, -0.001, -0.001, -0.001, -0.001, -0.001, -0.001, -0.001, -0.001, -0.001]","[1.0, 1.0, 0.999, 0.999, 0.998, 0.998, 0.997, 0.997, 0.996, 0.996, 0.996, 0.995, 0.995, 0.994, 0.994, 0.993, 0.993, 0.992, 0.992, 0.992, 0.991, 0.991, 0.99, 0.99, 0.989, 0.989, 0.989, 0.988, 0.988, 0.987, 0.987, 0.986, 0.986, 0.985, 0.985, 0.985, 0.984, 0.984, 0.983, 0.983, 0.982, 0.982, 0.982, 0.981, 0.981, 0.98, 0.98, 0.979, 0.979, 0.978, 0.978, 0.978, 0.977, 0.977, 0.976, 0.976, 0.975, 0.975, 0.974, 0.974, 0.974, 0.973, 0.973, 0.972]","[0.0, 0.0, 0.0, 1.0, 0.0, 0.0, 0.0, 1.0, 0.0, 0.0, 0.0, 1.0, 0.0, 0.0, 0.0, 1.0, 0.0, 0.0, 0.0, 1.0, 0.0, 0.0, 0.0, 1.0, 0.0, 0.0, 0.0, 1.0, 0.0, 0.0, 0.0, 1.0, 0.0, 0.0, 0.0, 1.0, 0.0, 0.0, 0.0, 1.0, 0.0, 0.0, 0.0, 1.0, 0.0, 0.0, 0.0, 1.0, 0.0, 0.0, 0.0, 1.0, 0.0, 0.0, 0.0, 1.0, 0.0, 0.0, 0.0, 1.0, 0.0, 0.0, 0.0, 1.0]"
15,xland_minigrid/door_key_16x16,32,5000000,32,64,period,,4.0,True,64,128,0.0003,0.0003,0.99,0.95,4997120,17822.572,2555.256,85.956,728.0,2560.0,0.002,0.036,0.0,0.744,9625.898,2545.734,160.765,734.0,2560.0,0.006,0.065,0.0,0.742,2834.603,2560.0,0.0,2560,2560,0.0,0.0,0.0,0.0,0.001,1.152,0.001,0.495,0.99,0.0,-0.0,0.001,0.916,-0.0,88.581,0.0,0.0,0.001,"[3.446, 3.437, 3.431, 3.427, 3.426, 3.416, 3.413, 3.413, 3.411, 3.406, 3.403, 3.404, 3.404, 3.399, 3.396, 3.398, 3.398, 3.394, 3.391, 3.392, 3.396, 3.391, 3.386, 3.388, 3.392, 3.388, 3.383, 3.384, 3.39, 3.384, 3.38, 3.381, 3.388, 3.384, 3.378, 3.378, 3.386, 3.383, 3.376, 3.376, 3.386, 3.38, 3.373, 3.374, 3.383, 3.379, 3.372, 3.373, 3.382, 3.377, 3.37, 3.37, 3.382, 3.376, 3.37, 3.369, 3.381, 3.376, 3.369, 3.369, 3.381, 3.376, 3.367, 3.367]","[0.987, 0.981, 0.977, 0.974, 0.969, 0.964, 0.962, 0.961, 0.961, 0.957, 0.955, 0.955, 0.957, 0.953, 0.951, 0.951, 0.953, 0.95, 0.948, 0.948, 0.952, 0.948, 0.945, 0.946, 0.95, 0.946, 0.944, 0.944, 0.948, 0.945, 0.942, 0.942, 0.948, 0.944, 0.941, 0.941, 0.947, 0.943, 0.94, 0.94, 0.946, 0.942, 0.938, 0.938, 0.945, 0.941, 0.938, 0.938, 0.944, 0.94, 0.937, 0.937, 0.944, 0.939, 0.936, 0.936, 0.944, 0.939, 0.936, 0.935, 0.943, 0.939, 0.935, 0.935]","[0.0, -0.0, -0.0, -0.0, -0.0, -0.0, -0.0, -0.0, -0.0, -0.0, -0.0, -0.0, -0.0, -0.0, -0.0, -0.0, -0.0, -0.0, -0.0, -0.0, -0.0, -0.0, -0.0, -0.0, -0.0, -0.0, -0.0, -0.0, -0.0, -0.0, -0.0, -0.0, -0.0, -0.0, -0.0, -0.0, -0.0, -0.0, -0.0, -0.0, -0.0, -0.0, -0.0, -0.0, -0.0, -0.0, -0.0, -0.0, -0.0, -0.0, -0.0, -0.0, -0.0, -0.0, -0.0, -0.0, -0.0, -0.0, -0.0, -0.0, -0.0, -0.0, -0.0, -0.0]","[1.0, 1.0, 0.999, 0.999, 0.998, 0.998, 0.997, 0.997, 0.996, 0.996, 0.995, 0.995, 0.994, 0.994, 0.993, 0.993, 0.992, 0.992, 0.991, 0.991, 0.991, 0.99, 0.99, 0.989, 0.989, 0.988, 0.988, 0.987, 0.987, 0.986, 0.986, 0.985, 0.985, 0.984, 0.984, 0.983, 0.983, 0.982, 0.982, 0.981, 0.981, 0.98, 0.98, 0.979, 0.979, 0.978, 0.978, 0.977, 0.977, 0.976, 0.976, 0.975, 0.975, 0.974, 0.974, 0.974, 0.973, 0.973, 0.972, 0.972, 0.971, 0.971, 0.97, 0.97]","[0.0, 0.0, 0.0, 1.0, 0.0, 0.0, 0.0, 1.0, 0.0, 0.0, 0.0, 1.0, 0.0, 0.0, 0.0, 1.0, 0.0, 0.0, 0.0, 1.0, 0.0, 0.0, 0.0, 1.0, 0.0, 0.0, 0.0, 1.0, 0.0, 0.0, 0.0, 1.0, 0.0, 0.0, 0.0, 1.0, 0.0, 0.0, 0.0, 1.0, 0.0, 0.0, 0.0, 1.0, 0.0, 0.0, 0.0, 1.0, 0.0, 0.0, 0.0, 1.0, 0.0, 0.0, 0.0, 1.0, 0.0, 0.0, 0.0, 1.0, 0.0, 0.0, 0.0, 1.0]"
16,xland_minigrid/door_key_16x16,32,5000000,16,64,ess,0.3,,True,64,128,0.0003,0.0003,0.99,0.95,4997120,823.128,123.834,161.749,18.0,2560.0,0.956,0.059,0.0,0.994,551.863,139.391,257.733,27.0,2478.0,0.951,0.091,0.129,0.991,2667.711,130.186,191.636,25,2560,0.954,0.069,0.0,0.991,0.392,0.384,0.001,0.499,0.998,0.0,0.845,0.0,0.92,0.845,83.366,0.003,0.465,0.195,"[2.77, 2.768, 2.767, 2.766, 2.764, 2.763, 2.762, 2.761, 2.76, 2.759, 2.758, 2.757, 2.756, 2.755, 2.754, 2.753, 2.752, 2.75, 2.749, 2.748, 2.746, 2.745, 2.744, 2.742, 2.741, 2.739, 2.738, 2.737, 2.736, 2.734, 2.733, 2.732, 2.731, 2.73, 2.729, 2.728, 2.727, 2.726, 2.725, 2.724, 2.724, 2.723, 2.722, 2.722, 2.721, 2.721, 2.72, 2.72, 2.719, 2.719, 2.719, 2.718, 2.718, 2.718, 2.718, 2.718, 2.717, 2.717, 2.717, 2.717, 2.717, 2.717, 2.717, 2.717]","[0.995, 0.992, 0.989, 0.987, 0.985, 0.983, 0.981, 0.979, 0.978, 0.976, 0.974, 0.972, 0.97, 0.968, 0.966, 0.964, 0.962, 0.96, 0.958, 0.955, 0.953, 0.951, 0.949, 0.946, 0.944, 0.942, 0.94, 0.938, 0.936, 0.934, 0.932, 0.931, 0.929, 0.927, 0.926, 0.924, 0.923, 0.922, 0.921, 0.92, 0.919, 0.918, 0.917, 0.916, 0.916, 0.915, 0.914, 0.914, 0.913, 0.913, 0.913, 0.912, 0.912, 0.912, 0.912, 0.911, 0.911, 0.911, 0.911, 0.911, 0.911, 0.911, 0.911, 0.911]","[0.004, 0.008, 0.013, 0.017, 0.021, 0.025, 0.029, 0.033, 0.037, 0.041, 0.045, 0.049, 0.053, 0.057, 0.061, 0.064, 0.068, 0.072, 0.076, 0.079, 0.083, 0.087, 0.09, 0.094, 0.097, 0.101, 0.104, 0.108, 0.111, 0.115, 0.118, 0.121, 0.124, 0.128, 0.131, 0.134, 0.137, 0.14, 0.143, 0.146, 0.149, 0.152, 0.155, 0.157, 0.16, 0.163, 0.165, 0.168, 0.171, 0.173, 0.176, 0.178, 0.18, 0.183, 0.185, 0.187, 0.19, 0.192, 0.194, 0.196, 0.198, 0.2, 0.202, 0.204]","[1.0, 0.992, 0.984, 0.977, 0.969, 0.961, 0.953, 0.946, 0.938, 0.93, 0.923, 0.915, 0.907, 0.9, 0.892, 0.884, 0.877, 0.869, 0.861, 0.854, 0.846, 0.839, 0.831, 0.824, 0.817, 0.809, 0.802, 0.795, 0.787, 0.78, 0.773, 0.766, 0.759, 0.752, 0.745, 0.738, 0.731, 0.724, 0.717, 0.71, 0.704, 0.697, 0.69, 0.684, 0.677, 0.671, 0.664, 0.658, 0.652, 0.645, 0.639, 0.633, 0.627, 0.621, 0.615, 0.609, 0.603, 0.597, 0.592, 0.586, 0.581, 0.575, 0.57, 0.565]","[0.0, 0.0, 0.0, 0.0, 0.0, 0.0, 0.0, 0.0, 0.0, 0.0, 0.0, 0.0, 0.0, 0.0, 0.0, 0.0, 0.0, 0.0, 0.0, 0.0, 0.0, 0.0, 0.0, 0.0, 0.0, 0.0, 0.0, 0.0, 0.0, 0.0, 0.0, 0.0, 0.0, 0.0, 0.0, 0.0, 0.0, 0.0, 0.0, 0.0, 0.0, 0.0, 0.0, 0.0, 0.0, 0.0, 0.0, 0.0, 0.0, 0.0, 0.0, 0.0, 0.0, 0.0, 0.0, 0.0, 0.0, 0.0, 0.0, 0.0, 0.0, 0.0, 0.0, 0.0]"
17,xland_minigrid/door_key_16x16,32,5000000,16,64,period,,64.0,True,64,128,0.0003,0.0003,0.99,0.95,4997120,2902.226,430.405,789.398,19.0,2560.0,0.837,0.308,0.0,0.993,2099.317,509.93,859.643,38.0,2560.0,0.807,0.336,0.0,0.987,3041.193,425.081,759.348,28,2560,0.841,0.295,0.0,0.99,0.091,1.026,0.001,0.507,1.015,0.0,0.45,0.001,1.089,0.45,95.037,0.003,0.162,0.121,"[2.739, 2.715, 2.697, 2.681, 2.667, 2.654, 2.644, 2.634, 2.626, 2.619, 2.611, 2.604, 2.598, 2.592, 2.587, 2.582, 2.577, 2.573, 2.569, 2.564, 2.56, 2.557, 2.553, 2.551, 2.548, 2.545, 2.542, 2.539, 2.537, 2.534, 2.532, 2.53, 2.529, 2.526, 2.525, 2.524, 2.522, 2.521, 2.52, 2.519, 2.517, 2.516, 2.515, 2.514, 2.513, 2.513, 2.512, 2.512, 2.511, 2.511, 2.51, 2.51, 2.509, 2.508, 2.508, 2.508, 2.508, 2.508, 2.507, 2.507, 2.507, 2.507, 2.507, 2.507]","[0.96, 0.936, 0.918, 0.902, 0.889, 0.878, 0.869, 0.86, 0.854, 0.847, 0.842, 0.836, 0.832, 0.827, 0.824, 0.821, 0.818, 0.815, 0.813, 0.81, 0.808, 0.806, 0.804, 0.802, 0.801, 0.8, 0.798, 0.797, 0.796, 0.795, 0.794, 0.793, 0.792, 0.791, 0.79, 0.789, 0.789, 0.788, 0.787, 0.787, 0.786, 0.786, 0.785, 0.784, 0.784, 0.783, 0.783, 0.783, 0.782, 0.782, 0.782, 0.782, 0.781, 0.781, 0.781, 0.781, 0.781, 0.78, 0.78, 0.78, 0.779, 0.779, 0.779, 0.779]","[0.001, 0.003, 0.004, 0.005, 0.007, 0.008, 0.009, 0.011, 0.012, 0.013, 0.014, 0.015, 0.017, 0.018, 0.019, 0.02, 0.021, 0.022, 0.023, 0.024, 0.025, 0.026, 0.027, 0.028, 0.029, 0.03, 0.03, 0.031, 0.032, 0.033, 0.034, 0.034, 0.035, 0.036, 0.037, 0.037, 0.038, 0.039, 0.04, 0.04, 0.041, 0.042, 0.042, 0.043, 0.044, 0.044, 0.045, 0.046, 0.046, 0.047, 0.047, 0.048, 0.049, 0.049, 0.05, 0.05, 0.051, 0.051, 0.052, 0.052, 0.053, 0.054, 0.054, 0.055]","[1.0, 0.998, 0.995, 0.993, 0.991, 0.988, 0.986, 0.984, 0.981, 0.979, 0.977, 0.975, 0.973, 0.971, 0.969, 0.967, 0.965, 0.963, 0.961, 0.959, 0.957, 0.955, 0.954, 0.952, 0.95, 0.949, 0.947, 0.945, 0.944, 0.942, 0.94, 0.939, 0.937, 0.936, 0.934, 0.933, 0.931, 0.93, 0.928, 0.927, 0.926, 0.924, 0.923, 0.922, 0.92, 0.919, 0.918, 0.917, 0.915, 0.914, 0.913, 0.912, 0.91, 0.909, 0.908, 0.907, 0.906, 0.905, 0.904, 0.902, 0.901, 0.9, 0.899, 0.898]","[0.0, 0.0, 0.0, 0.0, 0.0, 0.0, 0.0, 0.0, 0.0, 0.0, 0.0, 0.0, 0.0, 0.0, 0.0, 0.0, 0.0, 0.0, 0.0, 0.0, 0.0, 0.0, 0.0, 0.0, 0.0, 0.0, 0.0, 0.0, 0.0, 0.0, 0.0, 0.0, 0.0, 0.0, 0.0, 0.0, 0.0, 0.0, 0.0, 0.0, 0.0, 0.0, 0.0, 0.0, 0.0, 0.0, 0.0, 0.0, 0.0, 0.0, 0.0, 0.0, 0.0, 0.0, 0.0, 0.0, 0.0, 0.0, 0.0, 0.0, 0.0, 0.0, 0.0, 1.0]"
